Marks,2025
720,0
719,0
718,0
717,0
716,0
715,0
714,0
713,0
712,0
711,0
710,0
709,0
708,1
707,1
706,2
705,3
704,4
703,6
702,9
701,10
700,12
699,13
698,14
697,15
696,17
695,18
694,20
693,23
692,25
691,28
690,30
689,34
688,37
687,41
686,45
685,51
684,56
683,61
682,66
681,73
680,76
679,88
678,89
677,93
676,101
675,113
674,118
673,127
672,126
671,132
670,147
669,153
668,156
667,159
666,165
665,186
664,182
663,199
662,207
661,212
660,225
659,244
658,251
657,258
656,263
655,285
654,304
653,312
652,320
651,326
650,350
649,400
648,450
647,520
646,600
645,690
644,700
643,810
642,920
641,1050
640,1180
639,1300
638,1430
637,1600
636,1693
635,1801
634,1827
633,1897
632,1952
631,2007
630,2065
629,2165
628,2176
627,2232
626,2289
625,2364
624,2466
623,2543
622,2566
621,2689
620,2789
619,2900
618,3110
617,3320
616,3560
615,3699
614,3802
613,3900
612,3974
611,4092
610,4230
609,4339
608,4373
607,4470
606,4575
605,4667
604,4845
603,4866
602,4982
601,5066
600,5194
599,5288
598,5456
597,5493
596,5584
595,5686
594,5843
593,5953
592,6029
591,6159
590,6282
589,6500
588,7100
587,7900
586,8650
585,9040
584,9689
583,9898
582,10017
581,10186
580,10419
579,10549
578,10721
577,10925
576,11045
575,11213
574,11459
573,11676
572,11773
571,12025
570,12158
569,12352
568,12474
567,12697
566,12954
565,13026
564,13335
563,13413
562,13581
561,13788
560,14044
559,14206
558,14433
557,14564
556,14713
555,14923
554,15300
553,15600
552,15800
551,15999
550,16400
549,17300
548,18000
547,19500
546,21200
545,22600
544,25100
543,26500
542,27200
541,28000
540,28726
539,29136
538,29646
537,29772
536,30109
535,30434
534,30798
533,31414
532,31646
531,31846
530,32114
529,32708
528,33041
527,33508
526,33565
525,33923
524,34375
523,34729
522,35097
521,35600
520,36200
519,38300
518,41200
517,42958
516,44123
515,45639
514,47610
513,48255
512,48391
511,48936
510,49491
509,50139
508,50321
507,51007
506,51496
505,52091
504,52250
503,52925
502,53106
501,53703
500,54046
499,54577
498,55186
497,55506
496,56173
495,56942
494,57858
493,59963
492,61966
491,63000
490,64200
489,66820
488,69230
487,72300
486,75625
485,78564
484,80654
483,82263
482,82367
481,83077
480,84084
479,84545
478,85322
477,85861
476,86636
475,87374
474,87948
473,88587
472,89525
471,90648
470,90854
469,91489
468,92190
467,92951
466,93889
465,94475
464,95300
463,96045
462,96727
461,97505
460,98136
459,99140
458,100211
457,101076
456,101199
455,102285
454,103108
453,103575
452,104605
451,105177
450,106480
449,107052
448,107468
447,108659
446,109108
445,111765
444,119632
443,121205
442,122899
441,124665
440,126335
439,129632
438,132654
437,136985
436,140003
435,143526
434,146427
433,147529
432,148570
431,149891
430,150823
429,151566
428,152754
427,153803
426,154535
425,155564
424,156661
423,157782
422,158997
421,160539
420,161156
419,162194
418,163344
417,165238
416,165572
415,166829
414,168407
413,169359
412,170993
411,171410
410,172153
409,174398
408,174746
407,175688
406,177260
405,178360
404,180323
403,180584
402,182328
401,182830
400,184186
399,185236
398,186715
397,187532
396,188931
395,190054
394,193655
393,197585
392,199352
391,200484
390,206005
389,209659
388,212058
387,216852
386,220456
385,223698
384,228789
383,230801
382,233384
381,233651
380,235098
379,236920
378,238268
377,239664
376,242195
375,243416
374,244213
373,245771
372,247442
371,248944
370,250260
369,251987
368,254625
367,255099
366,256931
365,257942
364,259826
363,261280
362,263561
361,264924
360,266657
359,267743
358,269385
357,271792
356,272428
355,274935
354,276054
353,277510
352,279855
351,280891
350,282866
349,284413
348,286926
347,287715
346,290108
345,291280
344,293080
343,294732
342,296617
341,298059
340,299860
339,301716
338,303608
337,305408
336,306872
335,309012
334,312662
333,315626
332,319620
331,324562
330,330254
329,338658
328,346852
327,353659
326,358965
325,364154
324,366469
323,368284
322,369902
321,372342
320,374054
319,377592
318,379712
317,380553
316,383993
315,386212
314,387395
313,391541
312,392617
311,393865
310,396743
309,398470
308,401726
307,403621
306,405314
305,407384
304,409759
303,412203
302,414423
301,416732
300,419183
299,421518
298,423849
297,426211
296,428225
295,433184
294,433650
293,436006
292,438092
291,441323
290,443831
289,446176
288,448499
287,450368
286,452770
285,455230
284,457876
283,460224
282,465828
281,475896
280,484324
279,493778
278,496536
277,499164
276,501846
275,504488
274,509614
273,512256
272,515383
271,515766
270,518807
269,521523
268,526386
267,527201
266,530083
265,533457
264,536099
263,538793
262,541647
261,544712
260,547992
259,550833
258,554451
257,556320
256,563456
255,571262
254,579321
253,586231
252,592654
251,598321
250,601255
249,609853
248,611928
247,616433
246,617891
245,621216
244,624677
243,628923
242,632022
241,634591
240,637699
239,641335
238,645163
237,650283
236,651490
235,656480
234,658618
233,663087
232,665264
231,668630
230,673021
229,678866
228,680063
227,683483
226,687786
225,689968
224,694715
223,698080
222,702495
221,705641
220,708498
219,714087
218,718374
217,720379
216,723575
215,727955
214,733554
213,734911
212,739246
211,743232
210,747562
209,752348
208,754806
207,758035
206,764968
205,765952
204,770755
203,777565
202,779016
201,782738
200,786562
199,790959
198,795560
197,800311
196,803081
195,810992
194,812499
193,816570
192,820606
191,824502
190,829238
189,835203
188,838043
187,842698
186,850168
185,851802
184,856371
183,860253
182,864602
181,868960
180,875904
179,880743
178,885305
177,889051
176,894730
175,899588
174,905442
173,907709
172,914627
171,921340
170,925304
169,931242
168,936859
167,938047
166,944254
165,947781
164,953591
163,959230
162,964009
161,968744
160,973807
159,980796
158,988538
157,991029
156,995994
155,1002751
154,1011746
153,1017798
152,1020062
151,1026111
150,1031436
149,1036961
148,1044713
147,1050102
146,1055131
145,1061907
144,1067636
143,1075135
142,1082616
141,1088750
140,1093195
139,1098970
138,1106003
137,1110886
136,1117168
135,1123890
134,1131224
133,1137940
132,1143173
131,1151428
130,1156994
129,1170539
128,1172328
127,1178420
126,1184834
125,1192254
124,1206544
123,1211915
122,1221262
121,1226749
120,1233519
119,1245561
118,1250737
117,1258639
116,1260708
115,1268722
114,1282992
113,1290218
112,1298758
111,1303024
110,1317174
109,1323040
108,1331688
107,1341419